id,model,storage,colour,network,grade,cexCash,checkedAt,sourceUrl,override,enabled
"SAPPI13128GMUNLB","iPhone 13","128GB","Midnight","Unlocked","B","123","2026-10-10","https://uk.webuy.com/product-detail?id=SAPPI13128GMUNLB&categoryName=IPHONE-13&superCatName=PHONES&title=","","true"
"SAPPI14128GPUUNLB","iPhone 14","128GB","Purple","Unlocked","B","149","2026-10-10","https://uk.webuy.com/product-detail?id=SAPPI14128GPUUNLB&categoryName=IPHONE-14&superCatName=PHONES&title=","","true"
"SAPPI13128GPUNLB","iPhone 13","128GB","Pink","Unlocked","B","123","2026-10-10","https://uk.webuy.com/product-detail?id=SAPPI13128GPUNLB&categoryName=IPHONE-13&superCatName=PHONES&title=","","true"
"SAPPI14128GMIUNLC","iPhone 14","128GB","Midnight","Unlocked","C","118","2026-10-10","https://uk.webuy.com/product-detail?id=SAPPI14128GMIUNLC&categoryName=IPHONE-14&superCatName=PHONES&title=","","true"
"SAPPI1164GBUNLC","iPhone 11","64GB","Black","Unlocked","C","49","2026-10-10","https://uk.webuy.com/product-detail?id=SAPPI1164GBUNLC&categoryName=IPHONE-11&superCatName=PHONES&title=","","true"
"SAPPI15128GBLUUNLB","iPhone 15","128GB","Blue","Unlocked","B","234","2026-10-10","https://uk.webuy.com/product-detail?id=SAPPI15128GBLUUNLB&categoryName=IPHONE-15&superCatName=PHONES&title=","","true"
"SAPPI1164GBUNLB","iPhone 11","64GB","Black","Unlocked","B","59","2026-10-10","https://uk.webuy.com/product-detail?id=SAPPI1164GBUNLB&categoryName=IPHONE-11&superCatName=PHONES&title=","","true"
"SAPPI13128GGUNLB","iPhone 13","128GB","Green","Unlocked","B","123","2026-10-10","https://uk.webuy.com/product-detail?id=SAPPI13128GGUNLB&categoryName=IPHONE-13&superCatName=PHONES&title=","","true"
"SAPPI15128GPINUNLC","iPhone 15","128GB","Pink","Unlocked","C","194","2026-10-10","https://uk.webuy.com/product-detail?id=SAPPI15128GPINUNLC&categoryName=IPHONE-15&superCatName=PHONES&title=","","true"
"SAPPIPSE264GWUNLB","iPhone SE (2nd Generation)","64GB","White","Unlocked","B","50","2026-10-10","https://uk.webuy.com/product-detail?id=SAPPIPSE264GWUNLB&categoryName=IPHONE-SE-(2ND-GENERATION)&superCatName=PHONES&title=","","true"
"SAPPI13128GSTUNLB","iPhone 13","128GB","Starlight","Unlocked","B","123","2026-10-10","https://uk.webuy.com/product-detail?id=SAPPI13128GSTUNLB&categoryName=IPHONE-13&superCatName=PHONES&title=","","true"
"SAPPIP16128GBLUNLB","iPhone 16","128GB","Black","Unlocked","B","299","2026-10-10","https://uk.webuy.com/product-detail?id=SAPPIP16128GBLUNLB&categoryName=IPHONE-16&superCatName=PHONES&title=","","true"
"SAPPIPSE264GBUNLC","iPhone SE (2nd Generation)","64GB","Black","Unlocked","C","41","2026-10-10","https://uk.webuy.com/product-detail?id=SAPPIPSE264GBUNLC&categoryName=IPHONE-SE-(2ND-GENERATION)&superCatName=PHONES&title=","","true"
"SAPPI1264GBLUNLB","iPhone 12","64GB","Blue","Unlocked","B","96","2026-10-10","https://uk.webuy.com/product-detail?id=SAPPI1264GBLUNLB&categoryName=IPHONE-12&superCatName=PHONES&title=","","true"
"SAPPI14128GMIUNLB","iPhone 14","128GB","Midnight","Unlocked","B","149","2026-10-10","https://uk.webuy.com/product-detail?id=SAPPI14128GMIUNLB&categoryName=IPHONE-14&superCatName=PHONES&title=","","true"

